"geo","TIME_PERIOD","Disability","Social exclusion, n.e.c.","Family/children","Housing","Housing and social exclusion, n.e.c.","Old age","Old age and survivors","Sickness/health care","Sickness/healthcare and disability","Survivors","Total","Unemployment","Poverty rate"
"Albania",2018,192.45,7.94,57.49,0.22,8.16,747.21,780.46,218.14,410.62,33.24,1289.88,33.16,53.9
"Albania",2019,191.93,9.34,78.88,0.22,9.56,775.34,808.6,215.59,407.54,33.26,1338.32,33.76,50.7
"Albania",2020,209.64,8.48,93.95,0.68,9.16,787.81,819.97,227.03,436.67,32.16,1485.55,125.79,46.2
"Albania",2021,197.84,9.84,103.09,0.12,9.96,854,889.62,270.21,468.05,35.64,1512.72,41.99,46.6
"Albania",2022,197.07,9.45,99.98,NA,9.45,893.6,927.2,252.54,449.61,33.6,1524.72,38.46,44.5
"Austria",2014,2221.97,483.02,2971.73,96.28,579.3,15097.22,17203.86,6211.43,8433.42,2106.62,30914.95,1726.65,NA
"Austria",2015,2157.89,576.03,3026.03,95.34,671.38,15100.53,17182.76,6279.21,8437.1,2082.23,31087.02,1769.74,16.9
"Austria",2016,2100.23,747.4,3037.49,93.64,841.03,15074.95,17128.05,6331.37,8431.61,2053.11,31262.09,1823.88,17.2
"Austria",2017,2040.38,622.87,3012.34,79.98,702.86,15064.56,17068.26,6421.81,8462.21,2003.69,31035.62,1789.96,17.1
"Austria",2018,1997.07,542.1,2998.51,72.24,614.34,15287.33,17262.31,6617.26,8614.34,1974.99,31232.85,1743.35,16.8
"Austria",2019,1968.06,489.27,2963.27,67.3,556.57,15659.37,17631.53,6845.66,8813.74,1972.16,31656.04,1690.93,16.5
"Austria",2020,1932.44,519.77,3174.32,65.26,585.03,16087.64,18055.31,6884.32,8816.75,1967.68,34733.57,4102.14,16.7
"Austria",2021,1878.16,542.55,2971.43,62.18,604.74,16465.13,18408.27,7400.55,9278.7,1943.13,34671.42,3408.26,17.3
"Austria",2022,1729.35,575.5,3002.41,56.7,632.2,16074.03,17907.57,7404.45,9133.82,1833.55,32552.83,1876.83,17.5
"Austria",2023,1694.22,770.77,2818.03,62.94,833.72,16122.68,17904.67,7275.03,8969.27,1781.97,32041.67,1515.99,17.7
"Belgium",2014,2278.82,614.5,2233.15,179.86,794.36,10525.1,12630.32,6353.82,8632.62,2105.21,27917.58,3627.12,NA
"Belgium",2015,2376.58,621.21,2200.92,168.96,790.17,11551.89,13627.56,5965.36,8341.95,2075.67,28302.41,3341.8,21.6
"Belgium",2016,2473.77,685.97,2197.11,175.14,861.12,11560.92,13602,5825.45,8299.2,2041.08,27733.86,2774.41,22.2
"Belgium",2017,2472.49,696.38,2209.68,182.76,879.13,11990.79,13990.52,5852.8,8325.28,1999.73,27516.95,2112.32,22
"Belgium",2018,2588.79,716.96,2195.13,174.1,891.06,12220.67,14180.07,5940.07,8528.86,1959.4,27793.31,1998.16,20.5
"Belgium",2019,2715.87,730.47,2258.5,182.26,912.73,12418.29,14464.98,6129.32,8845.18,2046.7,28219.81,1738.41,20.1
"Belgium",2020,2797.5,894.37,2351.24,171.12,1065.49,12953.69,14845.9,6430.04,9227.54,1892.21,30580.2,3090.03,20.3
"Belgium",2021,2866.42,696.94,2307.6,181.36,878.3,12886.69,14715.12,6778.21,9644.64,1828.45,29790.64,2244.96,19
"Belgium",2022,2922.72,831.97,2228.36,179.52,1011.48,12926.18,14696.17,6380.22,9302.94,1770,28463.19,1224.23,18.6
"Belgium",2023,3010.32,885.66,2239.35,165.64,1051.28,13302.14,15055.11,6477.89,9488.2,1752.96,28919.76,1085.81,18.8
"Bosnia and Herzegovina",2014,274.67,24.78,54.62,5.44,30.22,663.83,1070.05,480.5,755.17,406.24,1954.08,44.01,NA
"Bosnia and Herzegovina",2015,301.22,27.11,56.89,0.66,27.77,734.15,1158.62,509.61,810.83,424.46,2100.49,46.37,NA
"Bosnia and Herzegovina",2016,325.25,30,110.65,0.66,30.66,784.83,1252.02,586.97,912.22,467.17,2352.92,47.36,NA
"Bosnia and Herzegovina",2017,319.96,34.55,93.94,0.78,35.32,780.78,1260.67,611.06,930.99,479.89,2377.08,56.14,NA
"Bosnia and Herzegovina",2018,298.25,33.31,103.86,0.96,34.27,903.51,1344.34,631.5,929.74,440.83,2464.93,52.72,NA
"Bosnia and Herzegovina",2022,259,62.95,144.73,1.34,64.29,1054.67,1495.45,707.81,966.82,440.79,2727.29,56.02,NA
"Bosnia and Herzegovina",2023,304.1,89.56,194.86,1.22,90.78,1161.42,1634.03,737.62,1041.73,472.62,3012.93,51.51,NA
"Bulgaria",2014,240.56,39.38,313.59,0.02,39.39,1456.75,1638.55,640.21,880.77,181.8,2965.9,93.61,NA
"Bulgaria",2015,241.67,39.71,324.57,0.06,39.77,1505.61,1690.25,634.37,876.03,184.62,3025.68,95.06,43.3
"Bulgaria",2016,243.97,39.71,320.65,0.06,39.78,1559.86,1750.13,689.27,933.24,190.28,3151.91,108.1,41
"Bulgaria",2017,249.79,31.66,333.17,0.06,31.72,1562.16,1755.7,721.27,971.06,193.54,3196.73,105.11,38
"Bulgaria",2018,257.2,35,342.7,0.06,35.06,1619.37,1819.49,786.49,1043.7,200.12,3353.86,112.93,33
"Bulgaria",2019,310.71,37.05,344.59,0.08,37.12,1671.89,1879.05,843.28,1153.99,207.16,3527.51,112.77,33.2
"Bulgaria",2020,355.18,45.05,356.43,0.08,45.13,1924.27,2149.91,959.94,1315.14,225.65,4035.11,168.53,33.5
"Bulgaria",2021,385,62.06,364.29,0.08,62.14,2201.4,2446.17,1021.77,1406.79,244.77,4414.11,134.74,31.7
"Bulgaria",2022,432.87,50.83,386.21,0.06,50.91,2331.23,2616.39,999.29,1432.18,285.15,4633.83,148.17,32.2
"Bulgaria",2023,515.52,51.18,423.66,0.06,51.24,2454.79,2779.24,1019.63,1535.18,324.42,4888.7,99.39,30
"Croatia",2014,776.66,74.81,522.77,5.14,79.95,2223.36,2862.76,1496.47,2273.15,639.39,5898.95,160.31,NA
"Croatia",2015,788.11,76.25,522.07,5,81.25,2282.29,2922.35,1619.94,2408.04,640.06,6103.02,169.28,24.4
"Croatia",2016,754.88,99.94,555.72,5.38,105.32,2433.29,3083.85,1690.66,2445.52,650.56,6453.54,263.12,23.5
"Croatia",2017,764.17,99.32,580.72,5,104.32,2530.51,3186.73,1795.13,2559.32,656.21,6683.86,252.78,23.7
"Croatia",2018,782.23,97.35,633.88,4.16,101.5,2680.8,3353.77,1896.66,2678.91,672.98,6996.45,228.43,22.1
"Croatia",2019,789.61,97.7,671.96,4.94,102.63,2849.31,3535.54,2013.54,2803.16,686.23,7338.57,225.28,20.8
"Croatia",2020,784.52,97.94,705.52,1.22,99.16,3004.85,3700.5,2054.69,2839.2,695.66,7698.97,354.58,20.5
"Croatia",2021,772.75,139.85,731.74,1.2,141.05,3101.77,3802.88,2374.81,3147.56,701.11,8073.89,250.66,20.9
"Croatia",2022,747.59,141.06,728.45,1.04,142.09,3083.04,3770.76,2438.36,3185.94,687.7,7992.74,165.5,19.9
"Croatia",2023,805.06,137.72,737.59,0.92,138.65,3255.55,4037.01,2461.14,3266.2,781.47,8339.09,159.63,20.7
"Cyprus",2014,395.29,682.52,814.4,108.02,790.54,5724.67,6559.29,1422.09,1817.39,834.63,11019.92,1038.29,NA
"Cyprus",2015,405.94,786.29,798.06,149.66,935.95,5990.99,6868.56,1514.94,1920.88,877.57,11361.02,837.6,22.8
"Cyprus",2016,500.25,894.41,820.37,175.68,1070.09,6028.8,6945.9,1652.95,2153.2,917.1,11819.64,830.07,22.6
"Cyprus",2017,528.14,885.21,799.24,161.6,1046.81,6077.42,7002.82,1639.27,2167.44,925.41,11717.82,701.52,21.4
"Cyprus",2018,483.01,801.8,814.62,155.62,957.41,5973.52,6954.9,1758.13,2241.15,981.39,11667.34,699.24,19.1
"Cyprus",2019,505.32,642.57,750.37,162.4,804.98,6505.13,7497.44,2389.31,2894.64,992.31,12667.34,719.89,18.9
"Cyprus",2020,491.6,749.01,873.37,174.14,923.15,6979.85,8010.36,3025.64,3517.24,1030.5,15867.9,2543.78,18.2
"Cyprus",2021,522.99,788.06,771.06,203.24,991.31,6872.94,7930.75,3350.18,3873.19,1057.81,15582.84,2016.52,17.3
"Cyprus",2022,491.45,619.29,728.29,220.76,840.04,6739.21,7798.12,4262.15,4753.59,1058.91,14901.06,781.01,17.5
"Cyprus",2023,480.89,590.91,736.95,200,790.91,6965.21,8011.8,4071.52,4552.41,1046.58,14772.82,680.77,17.4
"Czechia",2014,551.94,136.49,730.89,85.78,222.27,3754.68,4055.36,1900.87,2452.82,300.68,7720.31,258.93,NA
"Czechia",2015,562.66,125.83,750.81,86.26,212.1,3826.6,4128.97,1956.79,2519.45,302.36,7845.66,234.3,13
"Czechia",2016,559.17,116.38,764.84,84.12,200.51,3881.41,4176.59,2043.61,2602.81,295.2,7975.23,230.47,12.4
"Czechia",2017,554.53,95.66,777.89,73.88,169.55,3926.6,4219.44,2080.92,2635.44,292.84,8029.85,227.56,12.1
"Czechia",2018,553.96,83.06,834.21,61.9,144.95,3988.81,4278.85,2191.72,2745.67,290.03,8230.03,226.34,11.8
"Czechia",2019,575.65,77.21,837.17,53.84,131.05,4253.02,4541.61,2337.25,2912.9,288.57,8629.51,206.79,12.1
"Czechia",2020,609.71,77.13,916.76,51.32,128.45,4532.37,4832.7,2699.23,3308.95,300.33,9628.39,441.54,11.5
"Czechia",2021,602.94,82.6,905.5,48.6,131.21,4547.12,4863.96,2828.09,3431.02,316.87,9902.37,570.68,10.7
"Czechia",2022,587.35,150.59,850.22,53.08,203.66,4474.09,4777.64,2545.57,3132.9,303.54,9169.56,205.14,11.8
"Czechia",2023,599.13,145.94,740.98,90.92,236.86,4907.03,5215.63,2477.73,3076.85,308.59,9454.5,184.19,12
"Denmark",2014,6531.91,1941.3,4076.12,656.12,2597.42,17262.12,17744.76,6807.06,13338.96,482.63,39980.59,2223.33,NA
"Denmark",2015,6520.82,2176.51,4066.66,672.08,2848.59,17171.6,17550.11,6888.47,13409.31,378.51,39969.41,2094.72,18.6
"Denmark",2016,6354.05,2293.97,4092.35,668.24,2962.21,16580.29,16897.74,6915.4,13269.45,317.44,39186.89,1965.15,17.5
"Denmark",2017,6520.62,2181.31,4088.2,671.16,2852.47,17053.78,17405.21,6967.47,13488.1,351.41,39698.43,1864.44,17.8
"Denmark",2018,6380.83,2057.71,4111.22,670,2727.72,17476.91,17835.9,7035.19,13416.02,358.99,39847.23,1756.39,17.5
"Denmark",2019,6664.34,1927.24,4095.35,678.3,2605.55,17880.27,18252.58,7061.29,13725.61,372.33,40408.09,1728.97,17.3
"Denmark",2020,6846.67,2053.33,4144.98,677.4,2730.73,17777.83,18143.03,7541.54,14388.21,365.21,42246.71,2839.74,16.8
"Denmark",2021,7037.37,1773.56,4130.95,665.86,2439.42,17402.98,17734.81,8386.12,15423.49,331.83,41918.02,2189.35,17.3
"Denmark",2022,6948.47,1820.62,3909.12,623.68,2444.3,16668.36,17027.84,7682.3,14630.76,359.47,39278.32,1266.3,17.1
"Denmark",2023,7246.48,1588.1,3908.26,617.76,2205.86,16508.09,16845.46,7109.59,14356.07,337.37,38623.95,1308.31,17.9
"Estonia",2014,761.22,42.31,732.68,9.78,52.09,2967.73,2996.08,1391.29,2152.51,28.35,6105.03,171.67,NA
"Estonia",2015,808.01,38.28,949.71,8.08,46.36,3249.62,3277.46,1494.23,2302.25,27.84,6761.67,185.9,23.6
"Estonia",2016,852.59,46.95,1029.3,23.12,70.07,3280.6,3308.06,1653.54,2506.14,27.45,7118.64,205.08,23.1
"Estonia",2017,875.95,38.88,1039.53,22.72,61.6,3290.36,3316.79,1668.32,2544.27,26.43,7151.13,188.94,23.3
"Estonia",2018,911.31,34.75,1217.44,22.32,57.07,3412.76,3438.88,1773.17,2684.47,26.13,7613.77,215.91,23.6
"Estonia",2019,963.31,32.28,1272.62,20.78,53.06,3575.75,3601.88,1800,2763.31,26.13,7946.03,255.16,23.7
"Estonia",2020,1057.16,31.33,1300.2,22.74,54.08,3946.91,3974.75,1913.63,2970.78,27.84,9083.72,783.9,22.8
"Estonia",2021,1021.23,29.15,1266.46,22.82,51.97,4013.26,4041.43,2084.55,3105.78,28.17,8911.84,446.22,22.2
"Estonia",2022,881.35,55.64,1106.11,23.62,79.26,3651.76,3677.08,1937.42,2818.78,25.32,8009.15,327.82,25.2
"Estonia",2023,852.77,52.26,798.26,26.32,78.57,4940.78,4967.42,1943.01,2795.79,26.64,7376.78,250.62,24.2
"Finland",2014,3360.91,848.21,3021.18,456.96,1305.18,13273.76,14269.55,6110.42,9471.32,995.81,30861.69,2794.44,NA
"Finland",2015,3226.98,840.29,3012.01,529.16,1369.45,13810.36,14791.48,6166.27,9393.25,981.12,31504.87,2938.67,16.9
"Finland",2016,3170.33,1036.92,3003.05,599.58,1636.49,14469.96,15447.88,6061.82,9232.16,977.93,32265.09,2945.49,16.5
"Finland",2017,3047.7,933.97,2935.18,665.18,1599.14,14990.75,15982.05,5939.76,8987.46,991.32,32070.92,2567.07,16
"Finland",2018,3040.67,883.96,2962.69,743.34,1627.3,15257.23,16233.22,5933.63,8974.31,976,32018.03,2220.54,16.6
"Finland",2019,3055.47,897,2997.86,739.86,1636.85,15620.01,16589.63,6083.05,9138.52,969.61,32377.24,2014.4,14.5
"Finland",2020,3061.64,989.17,3047.89,762.98,1752.14,15993.72,16957.38,6192.63,9254.26,963.66,33714.96,2703.28,14.9
"Finland",2021,2984.78,1021.9,3064.99,756.78,1778.68,15947.11,16887.54,6445.25,9430.02,940.43,33650.47,2489.24,14.2
"Finland",2022,2862.11,851.3,3059.99,808.6,1659.9,15610.86,16532.75,6397.92,9260.03,921.89,32405.01,1892.35,16.3
"Finland",2023,2888.93,962.51,3079.24,809.5,1772.01,16229.93,17165.59,6367.74,9256.67,935.67,33168.16,1894.62,15.8
"France",2014,1696.01,931.45,2189.26,546.92,1478.37,12559.61,14286.09,6103.93,7799.95,1726.47,27720.99,1967.35,NA
"France",2015,1735.49,957.5,2176.46,548.98,1506.48,12731.01,14458.24,6212.7,7948.19,1727.22,28071.95,1982.61,18.4
"France",2016,1828.12,994.46,2162.45,547.64,1542.11,12926.54,14659.55,6329.09,8157.21,1733.02,28537.15,2015.84,18.7
"France",2017,1850.2,1034.74,2158.15,537.52,1572.27,13018.47,14741.25,6397.16,8247.37,1722.77,28721.74,2002.69,17.8
"France",2018,1851.78,1057.87,2134.66,498.64,1556.51,13119.42,14823.53,6420.49,8272.26,1704.12,28756.92,1969.95,17.9
"France",2019,1882.1,1237.6,2119.3,483.76,1721.35,13271.82,14965.23,6497.74,8379.84,1693.43,29189.7,2003.97,18.8
"France",2020,1871.36,1361.99,2135.45,467.72,1829.71,13190.36,14830.8,6656.27,8527.61,1640.45,30393.4,3069.83,19
"France",2021,1875.56,1415.34,2041.19,434.96,1850.28,13239.84,14867.86,7281.16,9156.71,1628.01,30414.93,2498.89,19
"France",2022,1876.58,1277.13,2029.53,409.68,1686.79,13279.13,14884.16,7215.08,9091.66,1605.02,29546.76,1854.61,20.7
"France",2023,1869.93,1199.45,2009.7,389.52,1588.97,13117.42,14686,6959.18,8829.11,1568.58,28914.43,1800.66,20.4
"Germany",2014,1944.73,142.52,3017.93,416.48,559,10599.35,12612.72,7406.63,9351.36,2013.35,26704.53,1163.51,NA
"Germany",2015,1994.14,226.45,3100.08,412.58,639.04,10988.26,12992.86,7632.75,9626.88,2004.61,27480.96,1122.08,20
"Germany",2016,2058.03,341.79,3184.73,417.32,759.1,11286.2,13306.03,7870.93,9928.96,2019.84,28285.08,1106.27,19.8
"Germany",2017,2127.12,235.07,3253.39,428.9,663.98,11569.72,13596.98,7948.71,10075.83,2027.25,28689.99,1099.81,18.8
"Germany",2018,2168.81,206.25,3308.52,418.92,625.16,11768.47,13791.08,8095.09,10263.91,2022.59,29021.13,1032.47,18.5
"Germany",2019,2230.38,194.11,3388.34,391.28,585.39,12138.48,14178.55,8409.7,10640.06,2040.05,29844.61,1052.25,17.3
"Germany",2020,2351.48,160.91,3696.31,420.94,581.84,12591.76,14656.65,8556.77,10908.24,2064.87,31762.65,1919.63,20.4
"Germany",2021,2377.42,158.53,3693.81,422.58,581.11,12634.15,14660.15,8692.17,11069.59,2025.98,31804.55,1799.87,21
"Germany",2022,2333.91,203.57,3554.74,417.28,620.85,12441.39,14395.24,8624.43,10958.36,1953.84,30656.58,1127.41,21.1
"Germany",2023,2312.91,187.69,3621.6,492.64,680.33,12312.05,14221.56,8581.69,10894.58,1909.5,30536.98,1118.91,21.3
"Greece",2014,798.99,156.94,530.67,0.28,157.23,6833.5,8061.25,1555.73,2354.72,1227.75,11547.14,443.28,NA
"Greece",2015,531.55,51.14,497.3,9.36,60.5,7261.83,8608.91,1709.7,2241.25,1347.08,11832.99,425,32.4
"Greece",2016,536.31,94.59,491.17,6.72,101.31,7220.68,8565.7,1829.45,2365.78,1345.01,11979.41,455.45,32.6
"Greece",2017,519.01,175.11,701.08,6.62,181.73,6875.77,8123.77,1766.32,2285.34,1248,11730.6,438.68,32.2
"Greece",2018,498.25,242.16,824.95,NA,242.16,6858.92,8060.11,1780.01,2278.26,1201.2,11837.82,432.35,30.3
"Greece",2019,544.77,204.5,674.06,65.68,270.18,6917.88,8120.17,1876.28,2421.05,1202.3,11953.88,468.4,29
"Greece",2020,528.65,209.04,637.28,66.84,275.88,7262.25,8566.51,1965.89,2494.54,1304.24,12637.64,663.42,27.4
"Greece",2021,533.44,219.43,714.74,73.28,292.71,7191.4,8548.39,2100.08,2633.51,1356.99,12720.93,531.58,28.3
"Greece",2022,507.88,202.03,735.82,73.08,275.11,6952.74,8271.15,2103.97,2611.85,1318.4,12379.33,485.41,26.3
"Greece",2023,515.58,161.92,653.64,67.02,228.93,7174.03,8546.06,2169.37,2684.95,1372.04,12630.6,517.02,26.1
"Hungary",2014,432.65,27.47,694.28,62.2,89.67,2864.95,3239.2,1099.53,1532.18,374.27,5674.1,118.76,NA
"Hungary",2015,437.56,38.61,668.56,67.26,105.87,2854.38,3223.48,1190.72,1628.28,369.1,5748.32,122.15,30.6
"Hungary",2016,414.79,42.17,670.3,83.8,125.97,2890.13,3252.11,1247.93,1662.72,361.98,5821.12,110.04,28.6
"Hungary",2017,396.32,53.01,685.6,106.32,159.32,2891.49,3242.32,1279.41,1675.74,350.83,5873.09,110.12,25.9
"Hungary",2018,381.19,66.23,702.19,130.16,196.39,2944.45,3286.79,1343.28,1724.49,342.32,6019.39,109.54,20.6
"Hungary",2019,367.05,59.89,699.22,106.04,165.94,2939.4,3272.04,1359.65,1726.69,332.64,5991.42,127.53,21.1
"Hungary",2020,348.31,59.76,735.23,121.88,181.64,2934.26,3259.79,1594.03,1942.34,325.52,6332.18,213.16,19.4
"Hungary",2021,353.66,55.97,722.77,114.82,170.79,3129.48,3452.53,1707.24,2060.92,323.03,6576.66,169.65,19.6
"Hungary",2022,350.04,55.45,711.02,109.84,165.27,3230.73,3553.77,1661.37,2011.43,323.05,6554.53,113.04,18.8
"Hungary",2023,345.81,56,690.26,83.54,139.54,3416.94,3747.63,1627.31,1973.14,330.67,6680.85,130.3,19.7
"Iceland",2014,4549.93,720.29,2833.56,602.72,1323.03,7698.26,8444.17,7868.83,12418.74,745.91,25951.15,931.65,NA
"Iceland",2015,4575.87,793.65,2785.16,522.68,1316.33,8064.23,8808.98,8252.94,12828.8,744.75,26478.58,739.29,12.6
"Iceland",2016,4708.48,808.28,2755.39,458.48,1266.76,8708.39,9483.53,8688.42,13396.91,775.13,27517.55,614.95,11.8
"Iceland",2017,5123.17,836.78,2781.61,416.84,1253.62,9967.52,10760.8,9035.14,14158.32,793.29,29644.8,690.45,12.6
"Iceland",2018,5256.13,735.81,2880.18,380.54,1116.35,10307.35,11086.92,9382.19,14638.33,779.56,30495.29,773.5,11.3
"Iceland",2019,5521.01,848.61,2968.12,361.72,1210.32,10711.81,11468.28,9439.04,14960.06,756.47,31828.15,1221.39,11.6
"Iceland",2020,5789.48,1019.6,3232.14,349.82,1369.4,11536.43,12385.25,9410.8,15200.27,848.82,36002.47,3815.4,11.7
"Iceland",2021,5763.64,1069.3,3321.9,351.8,1421.1,11381.24,12176.45,9956.79,15720.43,795.21,36132.74,3492.86,NA
"Iceland",2022,5712.07,973.82,3308.29,319.5,1293.33,11012.09,11732.69,10348,16060.06,720.6,33847.62,1453.27,NA
"Iceland",2023,5974.48,1117.9,3251.39,327.02,1444.91,11672.46,12404.43,10388.66,16363.14,731.97,34473.85,1009.99,NA
"Ireland",2014,1339.74,205.4,2698.91,716.44,921.84,7783.79,8468.32,6480.5,7820.22,684.53,22442.65,2533.35,NA
"Ireland",2015,1348.17,205.01,2663.02,746.24,951.24,7894.76,8562.06,6682.18,8030.36,667.29,22526.81,2320.14,25.4
"Ireland",2016,1372.7,190.64,2633.07,735.78,926.42,7909.49,8588.91,6890.8,8263.5,679.42,22447.52,2035.64,23.8
"Ireland",2017,1428.02,193.15,2609.74,712.64,905.77,8223.97,8922.16,7089.78,8517.79,698.19,22668.44,1713,22.4
"Ireland",2018,1473.02,198.66,2584.28,738.06,936.73,8202.82,8898.84,7368.36,8841.36,696.02,22709.1,1447.9,20.8
"Ireland",2019,1513.46,194,2531.91,697.56,891.55,8530.3,9246.17,7542.94,9056.4,715.86,22971.66,1245.63,20.2
"Ireland",2020,1574.71,183.49,2506.77,790.8,974.29,8589.46,9340.74,8634.42,10209.11,751.3,27120.54,4089.63,19.1
"Ireland",2021,1506.88,160.89,2443.63,817.72,978.61,8694.96,9436.98,8974.19,10481.07,741.99,26632.76,3292.46,19.6
"Ireland",2022,1516.39,172.64,2493.73,992.7,1165.36,8193.54,8916.66,9025.68,10542.06,723.12,24353.7,1235.89,19.6
"Ireland",2023,1462.33,166.17,2464.09,1192.36,1358.53,8215.54,9376.17,8593.32,10055.65,1160.64,24345.14,1090.71,19.2
"Italy",2014,1314.48,391.39,854.29,17.66,409.05,11341.55,13527.38,3708.34,5022.83,2185.83,21197.8,1384.25,NA
"Italy",2015,1324.99,574.57,849.03,22.38,596.95,11605.23,13812.27,3728.14,5053.14,2207.04,21696.04,1384.65,28.4
"Italy",2016,1340.28,605.29,886.8,21.12,626.4,11549.88,13739.67,3755.41,5095.72,2189.79,21723.59,1375,27.8
"Italy",2017,1323.93,642.38,913.77,22.32,664.72,11768.58,13943.67,3779.38,5103.3,2175.08,21840.68,1215.22,25.9
"Italy",2018,1340.83,688.19,905.29,17.46,705.64,11964.96,14135.31,3798.09,5138.91,2170.34,22087.35,1202.2,25.7
"Italy",2019,1361.81,807.03,909.85,19.24,826.26,12259.23,14443.7,3818.53,5180.35,2184.46,22591.62,1231.47,24.6
"Italy",2020,1374.76,1096.24,936.06,22.12,1118.36,12651.61,14826.81,4057,5431.76,2175.18,24556.35,2243.32,24.9
"Italy",2021,1404.45,1321.42,1024.99,22.42,1343.83,12933.62,15097.93,4264.17,5668.61,2164.29,24652.14,1516.78,25.2
"Italy",2022,1365.28,1199.06,1290.63,21.14,1220.2,12707.79,14807.35,4075.54,5440.8,2099.55,23841.15,1082.16,24.4
"Italy",2023,1384.53,744.62,1376.72,21.08,765.71,13053.59,15211.55,3917.46,5301.99,2157.96,23764.78,1108.81,22.8
"Latvia",2014,426.9,37.69,430.71,22.96,60.65,2550.45,2620.23,890.58,1317.46,69.78,4613.09,184.03,NA
"Latvia",2015,458.73,33.72,550.48,21.36,55.08,2608.96,2677.16,975.3,1434.02,68.22,4923.1,206.33,30
"Latvia",2016,467.31,32.13,594.67,20.04,52.18,2670.74,2738.76,1049.27,1516.58,68.01,5146.86,244.67,28.2
"Latvia",2017,481.4,32.05,606.63,18.6,50.65,2734.59,2808.15,1098.84,1580.24,73.56,5287.16,241.49,28.5
"Latvia",2018,502.32,33.56,656.15,16.6,50.14,2896.05,2974.8,1279.37,1781.69,78.75,5724.93,262.15,28.4
"Latvia",2019,506.54,31.63,651.78,15.12,46.75,2933.65,3018.16,1414.15,1920.71,84.51,5891.67,254.27,26.7
"Latvia",2020,534.45,34.02,671.41,15,49.02,3109.71,3207.33,1564.33,2098.76,97.62,6445.51,419,25.1
"Latvia",2021,616.72,41.87,901.56,18.66,60.52,3293.55,3416.01,2049.06,2665.78,122.46,7503.25,459.38,26.1
"Latvia",2022,608.81,87.32,794.64,25.2,112.52,3229.19,3337.59,1951.33,2560.16,108.39,7043.04,238.15,26
"Latvia",2023,645.13,60.77,666.66,36.18,96.96,3380.07,3490.34,1667.58,2312.72,110.28,6795.18,228.5,25.6
"Lithuania",2014,482.71,141.38,366.5,11.16,152.55,2469.17,2629.77,1074.93,1557.64,160.61,4826.98,120.52,NA
"Lithuania",2015,495.46,110.47,387.5,14.2,124.67,2502.84,2662.72,1215.65,1711.1,159.88,5071.42,185.44,29.4
"Lithuania",2016,504.12,94.01,411.68,15.68,109.71,2469.68,2630.25,1310.1,1814.2,160.57,5168.53,202.69,30
"Lithuania",2017,529.7,88.06,458.47,18.02,106.09,2561.88,2720.44,1372.86,1902.57,158.56,5404.08,216.52,29.8
"Lithuania",2018,572.97,103.17,652.92,19.46,122.62,2796.71,2958.24,1503.59,2076.57,161.54,6110.46,300.11,28.5
"Lithuania",2019,602.37,103.59,760.17,22.1,125.68,2988.52,3154.87,1625.41,2227.78,166.35,6604.16,335.65,25.5
"Lithuania",2020,588.02,109.41,934.62,21.58,130.98,3237.75,3411.76,1894.7,2482.73,174.02,7788.37,828.29,24.5
"Lithuania",2021,632.18,127.39,922.63,22.84,150.23,3166.98,3350.09,1916.98,2549.17,183.09,7854.1,882,23.5
"Lithuania",2022,591.63,148.28,875.34,24.16,172.44,3091.45,3254.58,1835.34,2426.95,163.12,7094.54,365.24,24.6
"Lithuania",2023,557.5,170.8,883.57,30.68,201.48,3131.87,3297.13,1838.43,2395.93,165.27,7181.28,403.17,24.3
"Luxembourg",2014,6491.97,1303.35,8460.73,150.76,1454.11,17766.63,22638.37,11264.43,17756.4,4871.75,52603.99,2294.4,NA
"Luxembourg",2015,6319.58,1229.25,8321.57,144.18,1373.43,18288.19,22961.72,10960.2,17279.8,4673.53,52074.82,2138.31,18.4
"Luxembourg",2016,6138.34,1336.4,8058.98,141.92,1478.32,18567.2,23132.32,10769.8,16908.13,4565.12,51564.58,1986.82,19.1
"Luxembourg",2017,6167.25,1344.7,8121.56,139.56,1484.27,19076.9,23599.88,11031.84,17199.08,4522.98,52324.21,1919.42,19.3
"Luxembourg",2018,6029.32,1346.15,8370.68,148.4,1494.55,19511.05,23954.68,11456.76,17486.09,4443.63,53116.2,1810.22,20.1
"Luxembourg",2019,6042.16,1330.97,8456.32,151.94,1482.91,20063.75,24460.84,11749.26,17791.42,4397.1,53847.64,1656.14,20.1
"Luxembourg",2020,6259.4,1526.8,9598.26,157.36,1684.16,21164.59,25610.96,12906.99,19166.36,4446.39,60502.74,4442.98,19.9
"Luxembourg",2021,6291.86,1388.47,8773.48,155.74,1544.22,22138.99,26585.7,13233.88,19525.72,4446.7,59085.34,2656.22,21.1
"Luxembourg",2022,6157.08,1558.33,8719.3,168.56,1726.88,22234.06,26532.79,14051.43,20208.53,4298.75,59107.47,1919.98,19.4
"Luxembourg",2023,6114.63,1691.08,8695.39,186.22,1877.3,23447.63,27772.67,13355.48,19470.11,4325.05,59770.67,1955.19,21.4
"Malta",2014,375.81,145.28,686.06,50.46,195.74,4566.56,5489.65,2636.53,3012.35,923.11,9675.92,292.15,NA
"Malta",2015,374.2,122.8,660.17,92.36,215.16,4606.28,5506.41,2672.29,3046.49,900.14,9734.91,306.66,22.2
"Malta",2016,369.7,113.45,584.68,69.48,182.93,4788.89,5704.72,2797.38,3167.09,915.85,9888.09,248.67,20.2
"Malta",2017,369.74,111.09,577.72,55.4,166.5,4964.61,5909.91,2871.93,3241.67,945.32,10087.58,191.79,19.4
"Malta",2018,403.6,111.63,572.85,66.56,178.2,4896.31,5836.08,2909.7,3313.3,939.77,10059.15,158.73,19.2
"Malta",2019,396.16,121.61,573.03,61.28,182.89,4868.1,5764.61,3041.37,3437.54,896.51,10090.43,132.38,20.7
"Malta",2020,417.36,152.49,577.9,70,222.49,4992.19,5894.04,3057.91,3475.27,901.85,12530.8,2361.15,19.9
"Malta",2021,424.62,170.3,641.32,73.38,243.68,5190.47,6102.01,3391.38,3816,911.54,12778.8,1975.79,20.3
"Malta",2022,440.3,238.2,643.57,85.58,323.78,5086.32,5990.53,3126.71,3567.01,904.19,11126.4,601.51,20.1
"Malta",2023,427.28,249.78,657.01,92.26,342.05,4956.76,5845.67,3049.08,3476.36,888.92,10415.72,94.65,19.8
"Montenegro",2016,277.38,69.34,353.11,0,69.34,1317.77,1719.65,616.14,893.53,401.89,3112.81,77.16,43.1
"Montenegro",2017,284.06,68.82,255.46,0,68.82,1345.97,1751.97,657.42,941.48,406,3123.06,105.35,42.2
"Montenegro",2018,284.39,81.58,142.08,0,81.58,1370.58,1777.74,712.94,997.32,407.14,3106.68,107.97,41.2
"Montenegro",2019,292.32,73.76,137.47,0,73.76,1399.28,1813.47,792.69,1085.01,414.19,3240.47,130.77,36.5
"Montenegro",2020,287.97,81.98,136.21,0,81.98,1401.06,1808.95,957.46,1245.43,407.89,3677.53,404.96,37.8
"Montenegro",2021,280.37,72.46,157.19,0,72.46,1403.76,1817.68,1008.84,1289.21,413.92,3589.56,253.02,38.9
"Montenegro",2022,278.69,54.69,318.4,0,54.69,1449.56,1870.51,1095.59,1374.27,420.95,3770.63,152.76,34.1
"Montenegro",2023,338.21,64.14,486.96,0,64.14,1505.58,1960.45,1036.19,1374.39,454.9,4010.05,124.1,NA
"Netherlands",2014,2426.96,1965.29,1031.19,336.5,2301.79,11852.1,13023.17,8806.04,11233,1171.05,29265.68,1676.54,NA
"Netherlands",2015,2853.2,1773.43,1202.42,366.48,2139.91,12087.08,13276.98,8316.51,11169.7,1189.91,29353.61,1564.58,16.4
"Netherlands",2016,2863.55,1863.33,1262.1,390.36,2253.69,12218.04,13381.4,8429.93,11293.48,1163.37,29622.03,1431.38,16.3
"Netherlands",2017,2866.12,1858.83,1270.04,391.5,2250.34,12259.58,13423.17,8587.32,11453.45,1163.58,29684.08,1287.06,16.6
"Netherlands",2018,2881.56,1862.16,1278.02,388.22,2250.38,12296.57,13431.65,8799.16,11680.71,1135.09,29729.6,1088.83,16.5
"Netherlands",2019,2916.63,1837.35,1381.14,380.8,2218.16,12508.61,13645.89,9012.48,11929.11,1137.27,30344.72,1170.42,16.5
"Netherlands",2020,2968.69,1845.26,1440.73,397.48,2242.74,12878.45,14016.5,9462.63,12431.32,1138.04,31658.94,1527.66,16
"Netherlands",2021,2838.36,1830.29,1433.47,398.3,2228.61,12832,13915.47,9616.88,12455.22,1083.45,31210.7,1177.91,16.6
"Netherlands",2022,2703.83,1707.41,1403.82,363.82,2071.22,12269.84,13293.6,9454.28,12158.1,1023.75,29559.32,632.56,16.5
"Netherlands",2023,2865.21,1980.72,1496.13,353.3,2334.03,12595.55,13639.34,9295.58,12160.79,1043.79,30267.15,636.85,15.8
"North Macedonia",2015,190.36,28.7,115.28,0.02,28.72,719.34,937.91,371.58,561.95,218.56,1669.93,26.07,41.2
"North Macedonia",2016,194.28,26.62,123.21,0.02,26.65,773.23,1002.82,402.12,596.4,229.58,1769.14,20.04,39.2
"North Macedonia",2017,197.98,27.18,130,0.02,27.19,831.46,1069.93,419.72,617.71,238.47,1861.12,16.32,36.9
"Norway",2014,8249.95,1075.35,5357.73,175.2,1250.55,17366.34,17905.92,11226.74,19476.68,539.59,45083.76,1092.87,NA
"Norway",2015,8722.5,1135.01,5287.17,169.4,1304.41,17765.53,18290.79,11412.8,20135.31,525.26,46230.84,1213.14,14.7
"Norway",2016,8660.15,1286.83,5199.05,170.62,1457.44,18127.71,18641.22,11265.97,19926.12,513.51,46515.62,1291.77,14.4
"Norway",2017,8637.43,1249.52,5148.68,156,1405.53,18455.4,18960.47,11437.54,20074.98,505.07,46787.44,1197.78,15.4
"Norway",2018,8557.06,1191.82,5058.95,155.86,1347.68,18782.12,19267.85,11476.15,20033.2,485.72,46675.18,967.53,15.8
"Norway",2019,8526.95,1126.67,5089.2,166.5,1293.17,19158.66,19640.44,11774.44,20301.4,481.79,47175.47,851.28,15.6
"Norway",2020,8538.23,1026.29,5101.79,167.86,1194.14,19201.95,19676.12,12111.91,20650.12,474.16,49135.65,2513.47,16.3
"Norway",2021,8726.63,977.12,5053.88,161.72,1138.84,19721.05,20201.16,12763,21489.62,480.11,49674.95,1791.44,16.7
"Norway",2022,8723.26,1112.04,4959.77,192.98,1305.02,19834.55,20301.67,12674.39,21397.65,467.12,48901.89,937.77,16.3
"Norway",2023,8833.59,1344.34,5012.14,189.96,1534.31,20079.63,20543.58,12702.94,21536.54,463.93,49371.63,745.07,15.8
"Poland",2014,477.66,35.79,369.78,12.34,48.13,3003.09,3621.38,1015.65,1493.32,618.28,5611.2,78.61,NA
"Poland",2015,474.86,36.57,433.42,11.26,47.83,3134.4,3771.15,1115.04,1589.91,636.76,5911.6,69.29,22.5
"Poland",2016,519.49,36.51,811.23,10.34,46.87,3260.76,3909.74,1239.42,1758.93,648.99,6588.17,61.42,20.6
"Poland",2017,509.68,35.06,893.47,9.28,44.33,3276.62,3925.99,1225.44,1735.13,649.36,6714.37,115.45,18.7
"Poland",2018,491.11,33.23,886.99,8.12,41.35,3526.39,4179.68,1213.27,1704.37,653.29,6901.94,89.57,18.2
"Poland",2019,440.31,102.09,1143.64,7.24,109.35,3874.92,4520.98,1508.73,1949.05,646.06,7807.35,84.33,17.9
"Poland",2020,454.21,104.5,1430.9,6.78,111.28,4116.7,4765.42,1671.85,2126.05,648.71,8731.62,297.97,17
"Poland",2021,477.64,109.7,1373.76,7.1,116.8,4382.98,5054.24,1862.58,2340.22,671.26,9066.49,181.46,16.8
"Poland",2022,427.92,103.62,1352.26,7.28,110.91,4228.35,4875.97,1767.82,2195.76,647.64,8612.2,77.31,15.9
"Poland",2023,431.9,105.19,1273.12,7.98,113.17,4758.04,5405.32,2002.73,2434.63,647.28,9302.86,76.61,16.3
"Portugal",2014,923.28,103.21,514.42,0.98,104.19,6326.93,7281.99,2083.06,3006.34,955.07,11642.67,735.72,NA
"Portugal",2015,922.89,99.95,530.07,0.98,100.93,6442.32,7414.68,2136.49,3059.36,972.36,11691.94,586.91,26.4
"Portugal",2016,904.46,113.41,556.04,0.94,114.35,6361.9,7337.92,2210.67,3115.15,976.04,11614.92,491.46,24.9
"Portugal",2017,903.67,112.65,566.16,0.9,113.55,6525.48,7513.26,2278.71,3182.37,987.78,11795.67,420.31,23.4
"Portugal",2018,900.43,116,598.44,0.92,116.92,6505.72,7516.22,2363.61,3264.04,1010.49,11887.23,391.58,21.6
"Portugal",2019,953.05,111.57,634.15,0.9,112.47,6615.11,7660.86,2491.59,3444.63,1045.74,12235.15,383.03,21.1
"Portugal",2020,941.93,117.7,676.24,0.88,118.58,6656.18,7723.12,2644.49,3586.41,1066.95,12936.46,832.09,20
"Portugal",2021,963.52,117.08,666.62,0.86,117.93,6662.96,7748.26,2822.48,3786,1085.3,13157.77,838.95,22.4
"Portugal",2022,924.74,192.84,672.07,0.92,193.77,6665.57,7737.91,2840.28,3765.01,1072.33,12774.3,405.55,20.1
"Portugal",2023,911.06,178.99,778.36,42.72,221.7,6620.73,7677.15,2762.38,3673.44,1056.43,12722.23,371.59,20.1
"Romania",2014,238.53,37.16,246.61,2.68,39.84,1665.49,1820.13,610.74,849.26,154.63,2987.21,31.36,NA
"Romania",2015,246.58,36.8,279.19,2.66,39.46,1742.01,1903.42,630.94,877.55,161.41,3124.55,24.96,44.5
"Romania",2016,240.57,38.95,325.01,2.42,41.37,1838.28,1995.23,681.69,922.26,156.94,3304.21,20.35,46
"Romania",2017,240.63,35.93,385.97,2.38,38.32,2036.04,2213.46,756.2,996.84,177.42,3652.55,17.98,42.5
"Romania",2018,259.06,29.23,410.98,2.38,31.6,2148.64,2338.92,863.29,1122.34,190.29,3919.35,15.5,38.7
"Romania",2019,264.76,23.55,485.17,2.22,25.77,2244.86,2447.86,957.45,1222.21,203.01,4194.76,13.75,36.1
"Romania",2020,260.51,22.12,548.83,2.24,24.35,2552.45,2776.9,1047.52,1308.04,224.46,4706.03,47.92,35.6
"Romania",2021,252.62,35.19,603.53,2.06,37.25,2733.7,2967.28,1004.45,1257.09,233.58,4904.93,39.8,34.4
"Romania",2022,260.26,77.19,625.61,1.82,79,2758.61,2982.28,1074.1,1334.35,223.66,5043.87,22.65,34.4
"Romania",2023,328.79,148.55,648.38,1.64,150.21,2837.42,3058.23,1079.27,1408.06,220.79,5276.25,11.39,32
"Serbia",2014,237.43,66.23,180.83,1.66,67.87,1456.21,1758.49,575.57,813,302.29,2907.92,87.71,NA
"Serbia",2015,197.05,76.9,186.38,7.24,84.14,1409.31,1703.19,540.65,737.71,293.88,2803.06,91.66,41
"Serbia",2016,190.65,82.49,186.45,16.26,98.76,1436.17,1731.23,541.75,732.39,295.06,2850.51,101.67,30
"Serbia",2017,185.08,87.74,193.34,1.64,89.38,1406.18,1699.52,542.24,727.33,293.34,2805.87,96.29,39.3
"Serbia",2018,175.82,87.32,202.66,1.64,88.96,1467.41,1765.38,608.07,783.9,297.98,2936.04,95.15,33.9
"Serbia",2019,182.62,86.31,233.7,1.7,88,1553.83,1863.82,633.02,815.65,309.99,3092.42,91.25,31.1
"Serbia",2020,187.97,92.34,216.24,1.64,93.98,1632.96,1957.92,768.04,956,324.96,3309.24,85.08,31
"Serbia",2021,184.42,94.85,227.55,1.64,96.47,1621.47,1949.54,830.97,1015.4,328.07,3387.38,98.42,28.9
"Serbia",2022,182.46,91.73,255.97,1.06,92.79,1591.21,1916.76,860.77,1043.21,325.54,3390.26,81.53,29
"Serbia",2023,184.63,91.22,263.34,0.94,92.16,1739.81,2088.87,882.94,1067.56,349.07,3589.92,77.98,27.2
"Slovakia",2014,636.22,147.63,679.87,11.16,158.77,3006.44,3394.07,1618.86,2255.06,387.62,6706.68,218.89,NA
"Slovakia",2015,640.7,127.55,682.6,12.18,139.73,3093.85,3489.24,1680.57,2321.28,395.39,6857.41,224.57,17.3
"Slovakia",2016,659.19,112.03,695.34,11.94,123.96,3153.52,3541.56,1816.58,2475.77,388.04,7076.28,239.66,17.1
"Slovakia",2017,669.7,108.55,715.73,15.9,124.46,3260.6,3657.98,1814.63,2484.35,397.38,7217.14,234.65,15.8
"Slovakia",2018,662.2,90.02,709.37,16.62,106.64,3324.18,3737.76,1919.53,2581.72,413.57,7364.89,229.39,15.2
"Slovakia",2019,665.9,99.57,762.08,14.74,114.3,3399.32,3800.96,1959.83,2625.72,401.63,7547.17,244.09,14.8
"Slovakia",2020,703.11,71.3,877.07,14.94,86.23,3623.1,4046.07,1986.01,2689.13,422.98,8098.14,399.64,13.8
"Slovakia",2021,645.31,73.03,940.9,14.98,88.02,3704.02,4114.75,2179.19,2824.49,410.72,8340.61,372.45,15.6
"Slovakia",2022,605.77,87.8,925.39,14.5,102.28,3481.1,3869.72,1971.75,2577.5,388.63,7793.68,318.76,16.5
"Slovakia",2023,672.79,122.82,1348.2,11.52,134.34,3752.32,4168.3,2120.76,2793.56,416.01,8756.03,311.61,17.6
"Slovenia",2014,726.9,359.29,909.11,8.72,368.02,5406.41,6233.57,2803.6,3530.5,827.15,11414.78,373.57,NA
"Slovenia",2015,701.8,384.25,909.68,9.34,393.58,5501.38,6343.35,3032.52,3734.32,841.99,11727.53,346.58,17.7
"Slovenia",2016,665.03,388.6,914.66,8.44,397.05,5595.82,6429.13,3174.67,3839.71,833.31,11916.23,335.71,16.9
"Slovenia",2017,598.23,385.83,995.49,9.72,395.55,5635.92,6439.16,3306.62,3904.83,803.23,12056.04,321.01,16.6
"Slovenia",2018,584.02,424.96,1016.61,10.12,435.09,5740.04,6536.53,3435.28,4019.28,796.49,12318.42,310.91,15.4
"Slovenia",2019,630.22,485.76,1052.32,11.12,496.88,5858.61,6650.85,3583.1,4213.31,792.25,12726.4,313.04,13.7
"Slovenia",2020,679.68,538.18,1076.09,11.98,550.16,6260.63,7065.18,3992.09,4671.77,804.54,14372.47,1009.27,14.3
"Slovenia",2021,710.96,518.45,1113.46,7.7,526.14,6368.59,7158.29,4097.66,4808.62,789.68,14713.84,1107.34,13.2
"Slovenia",2022,725.15,464.73,1068.77,15.44,480.17,6394.78,7170.26,4327.74,5052.89,775.5,14182.53,410.43,13.3
"Slovenia",2023,719.67,523.39,1060.51,15.34,538.73,6320.68,7070.92,4252.88,4972.56,750.24,13992.96,350.22,13.7
"Spain",2014,1175.73,145.15,713.06,47.72,192.87,6440.15,8093.3,3074.52,4250.26,1653.14,15021.77,1772.29,NA
"Spain",2015,1152.25,151.67,721.04,47.22,198.87,6617.18,8276.84,3274.23,4426.5,1659.67,15106.77,1483.52,28.7
"Spain",2016,1156.79,142.21,728.19,49.98,192.17,6826.63,8500.82,3172.32,4329.11,1674.2,15108.11,1357.81,28.8
"Spain",2017,1149.22,149.28,756.25,51.86,201.15,6842.64,8509.06,3350.9,4500.12,1666.43,15202.98,1236.43,27.5
"Spain",2018,1164.99,153.92,774.37,53.98,207.89,7133.93,8844.63,3403.18,4568.18,1710.69,15607.83,1212.77,27.3
"Spain",2019,1181.6,157.79,817.31,56.74,214.53,7338.09,9107.87,3639.2,4820.78,1769.78,16208.33,1247.86,26.2
"Spain",2020,1163.04,197.43,867.36,59.16,256.59,7518.57,9304.12,4084.35,5247.39,1785.54,18088.55,2413.11,27
"Spain",2021,1171.96,292.97,898.4,61.52,354.49,7701.38,9496.54,4211.12,5383.09,1795.15,17943.95,1811.43,27.8
"Spain",2022,1139.87,320.67,892.5,61.18,381.85,7600.53,9335.97,4096.53,5236.38,1735.44,17056.97,1210.24,26
"Spain",2023,1160.54,357.61,896.78,61.86,419.47,7996.75,9775.22,4076.29,5236.83,1778.45,17509.81,1181.52,26.5
"Sweden",2014,3404.57,800.69,3318.99,409.7,1210.4,15665.52,16158.78,7238.99,10643.56,493.26,32678.56,1346.85,NA
"Sweden",2015,3375.33,1003.69,3353.37,406.16,1409.85,15984.23,16445.11,7517.67,10893.02,460.89,33411.37,1310.02,18.2
"Sweden",2016,3231.14,1413.05,3410.56,388.68,1801.73,16284.92,16720.73,7672.99,10904.13,435.84,34137.25,1300.07,17.7
"Sweden",2017,3190.93,1126.75,3467.33,374.16,1500.9,16445.24,16856.12,7561.72,10752.65,410.88,33676.53,1099.53,17.2
"Sweden",2018,3120.6,907.23,3575.14,376.66,1283.9,16280.48,16656.8,7658.82,10779.42,376.32,33288.97,993.69,17.7
"Sweden",2019,2999.15,785.86,3570.27,361.96,1147.8,16298.98,16652.85,7788.81,10787.96,353.88,33104.22,945.36,18.4
"Sweden",2020,2882.8,696.04,3468.91,385.2,1081.24,16596.88,16930.69,8465.78,11348.58,333.81,34129.26,1299.81,17.7
"Sweden",2021,2822.87,637.17,3439.93,371.66,1008.82,16794.77,17103.62,8553.74,11376.61,308.85,34189.35,1260.38,17.2
"Sweden",2022,2823.97,589.68,3305,363.4,953.08,16971.83,17250.95,8384.66,11208.63,279.12,33675.21,957.53,18.6
"Sweden",2023,2837.31,542.31,3183.32,372.92,915.23,16667.59,16920.01,8294.27,11131.57,252.42,33047.04,896.9,18.4
"Switzerland",2014,4528.38,998.26,3244.46,466.66,1464.93,23063.05,25818.79,12078.52,16606.89,2755.75,49008.88,1873.79,NA
"Switzerland",2015,4528.16,1055.61,3311.27,488.86,1544.47,23673.05,26461.34,12730.73,17258.9,2788.29,50559.42,1983.46,18.2
"Switzerland",2016,4510.81,1131.03,3293.85,509.32,1640.34,24039.28,26835.76,13098.63,17609.45,2796.48,51504.92,2125.51,17.9
"Switzerland",2017,4468.66,1128.45,3298.22,508.78,1637.22,24311.1,27101.29,13305.12,17773.78,2790.19,51864.89,2054.39,18.3
"Switzerland",2018,4419.37,1107.24,3286.6,508.34,1615.57,24536.81,27319.13,13256.85,17676.22,2782.32,51719.41,1821.88,17.8
"Switzerland",2019,4462.74,1112.04,3376.91,512.12,1624.16,25256.28,28072.6,13790,18252.76,2816.33,53087.23,1760.79,19.3
"Switzerland",2020,4477.85,1116.89,3464.21,511.2,1628.09,25947.78,28822.66,14521.33,18999.17,2874.87,59243.79,6329.64,18.5
"Switzerland",2021,4497.07,1111.2,3498.77,508.78,1619.99,26556.84,29491.38,14937.08,19434.15,2934.54,58287.4,4243.12,17.6
"Switzerland",2022,4394.71,1211.04,3462.44,533.24,1744.28,26690.15,29685.39,15474.14,19868.86,2995.26,56680.86,1919.89,18.7
"Switzerland",2023,4403.33,1319.12,3510.33,559.56,1878.68,27205.47,30214.87,14817.92,19221.26,3009.41,56302.73,1477.59,19.5
"Türkiye",2014,105.95,34.18,87.51,NA,34.18,1616.79,2015.24,680.9,786.88,398.45,2953.18,29.4,NA
"Türkiye",2015,106.67,37.31,94.56,NA,37.31,1690.16,2104.12,687.04,793.69,413.96,3067.26,37.54,26.7
"Türkiye",2016,117.07,45.59,118.95,NA,45.59,1899.08,2363.16,722.13,839.2,464.09,3429.71,62.79,26.6
"Türkiye",2017,122.31,50.64,160.64,NA,50.64,1928.67,2399.53,746.57,868.89,470.85,3539.72,60.04,32.3
"Türkiye",2018,115.87,44.54,153.47,NA,44.54,1982.35,2457.44,758.35,874.23,475.09,3588.2,58.53,32.4
"Türkiye",2019,121.07,26.6,167.27,NA,26.6,2038.41,2535.03,779.23,900.33,496.62,3714.11,84.9,33.1
"Türkiye",2020,121.66,31.88,212.51,NA,31.88,2052.56,2556.15,810.85,932.5,503.58,4018.4,285.39,34.1
"Türkiye",2021,115.07,28.64,182.15,NA,28.64,1974.32,2475.39,933.62,1048.71,501.06,3882.97,148.09,34
"Türkiye",2022,104.89,30.46,206.61,NA,30.46,1723.33,2177.48,814.07,918.98,454.17,3375.69,42.14,32.8
"Türkiye",2023,116.64,178.12,292.96,NA,178.12,2187.28,2679.27,1014.09,1130.72,491.99,4324.16,43.09,30.7
"United Kingdom",2014,1772.45,801.83,3087.36,1082.18,1884.01,13493.64,13606.23,7086.39,8858.83,112.59,27914.49,478.04,NA
"United Kingdom",2015,1896.44,749.45,3069.11,1078.2,1827.66,13785.8,13887.37,7504.48,9400.91,101.58,28611.61,426.54,23.1
"United Kingdom",2016,1977.08,740.72,2921.77,1034.4,1775.1,13211.59,13310.62,7211.96,9189.04,99.04,27609.14,412.59,21.9
"United Kingdom",2017,2061.49,710.58,2843.68,980.92,1691.49,13995.79,14088.4,7423.87,9485.36,92.61,28491.39,382.44,21.8
"United Kingdom",2018,1916.31,682.36,2731.63,938.36,1620.72,14033.48,14125.21,7242.13,9158.44,91.73,27992.28,356.26,22.8
